film,rotten_critics_percent,rotten_audience_percent,gap_percent,budget,year
Kill Your Darlings,76,60,16,2,2013,,
Boyhood,97,81,16,4,2014,,
Cloudy w/ Chance of Meatballs ,87,71,16,100,2009,,
Gravity,96,80,16,100,2013,,
The Gift,92,75,17,5,2015,,
W.,59,42,17,25.1,2008,,
Walk Hard,74,57,17,35,2007,,
Frankenweenie,87,70,17,39,2012,,
Obvious Child,90,72,18,1,2014,,
Manchester by the Sea,95,77,18,9,2016,,
Daybreakers	,67,49,18,20,2010,,
The World's End,89,71,18,20,2013,,
Tinker Tailor Soldier Spy,83,65,18,21,2011,,
The Grey,79,61,18,25,2012,,
The Cabin in the Woods,92,74,18,30,2012,,
Neighbors 2,62,44,18,35,2016,,
Rango,87,69,18,135,2011,,
The BFG,75,57,18,140,2016,,
Winter's Bone,94,75,19,2,2010,,
Inside Llewyn Davis,93,74,19,11,2013,,
The Shallows,78,59,19,17,2016,,
Shaun the Sheep Movie,99,80,19,25,2015,,
American Hustle,93,74,19,40,2013,,
The Diary of a Teenage Girl,94,74,20,2,2015,,
The Kids Are All Right,93,73,20,4,2010,,
Magic Mike,80,60,20,7,2012,,
Hope Springs,75,55,20,30,2012,,
Nanny McPhee Returns,75,55,20,35,2010,,
Lucy,67,47,20,40,2014,,
The Other Guys,78,58,20,100,2010,,
Carol,94,73,21,12,2016,,
Foxcatcher,87,66,21,24,2014,,
Michael Clayton,90,69,21,25,2007,,
Beowulf,71,50,21,150,2007,,
Colossal,80,59,21,15,2017,,
Tangerine,97,75,22,0,2015,,
Please Give,86,64,22,3,2010,,
Rachel Getting Married,84,62,22,12,2008,,
Into the Woods,71,49,22,50,2014,,
Muppets Most Wanted,80,58,22,50,2014,,
The International ,59,37,22,50,2009,,
Contagion,84,62,22,60,2011,,
Ghostbusters,74,52,22,144,2016,,
Don Jon,81,58,23,3,2013,,
Everything Must Go,75,52,23,5,2011,,
A Serious Man ,90,67,23,7,2009,,
Keanu,78,55,23,15,2016,,
Appaloosa,77,54,23,20,2008,,
Barbershop: The Next Cut,90,67,23,20,2016,,
Anchorman 2,75,52,23,50,2013,,
The Lobster,88,64,24,4.5,2016,,
The Master,85,61,24,32,2012,,
The Tree Of Life,84,60,24,32,2011,,
Indiana Jones IV,77,53,24,185,2008,,
Grandma,92,67,25,1,2015,,
Experimenter,86,61,25,3,2015,,
Extract ,63,38,25,8,2009,,
Ouija: Origin of Evil,82,57,25,9,2016,,
Arbitrage,87,62,25,12,2012,,
Captain Underpants,86,61,25,38,2017,,
The Babadook,98,72,26,2.5,2014,,
Ghost Town,86,60,26,20,2008,,
The Pirates! Band of Misfits,86,60,26,55,2012,,
Spongebob: Sponge Out of Water,80,54,26,74,2015,,
Paranormal Activity ,83,56,27,0.015,2009,,
Cedar Rapids,86,59,27,10,2011,,
Br√ºno ,68,41,27,42,2009,,
Duplicity ,64,37,27,60,2009,,
Cyrus,81,53,28,7,2010,,
Adventureland ,89,61,28,10,2009,,
The American,66,38,28,20,2010,,
Killing Them Softly,74,44,30,15,2012,,
Drag Me to Hell ,92,62,30,30,2009,,
The Beguiled ,78,48,30,10,2017,,
The Lost City of Z,87,57,30,30,2017,,
It Follows,97,66,31,2,2015,,
Solitary Man,80,49,31,15,2010,,
Piranha 3-D,74,43,31,24,2010,,
Sausage Party,82,50,32,19,2016,,
Norman,88,56,32,5.2,2017,,
Greenberg,75,42,33,25,2010,,
The Witch,91,57,34,3,2016,,
Noah,76,41,35,125,2014,,
The Informant! ,79,43,36,22,2009,,
The Last Jedi,93,57,36,300?,2017,,
The Last Exorcism,71,34,37,1.8,2010,,
Love & Friendship,98,60,38,3,2016,,
Stop-Loss,65,27,38,25,2008,,
Mr. Turner,98,58,40,8.5,2014,,
"Hail, Caesar!",85,45,40,22,2016,,
Haywire,80,40,40,23,2012,,
It Comes At Night,88,43,45,2.4,2017,,

